1=强力散搭；2=毕业推荐；,,,,,,,,,,,,,,,,,
id,名称,分类,鬼泣,狂战士,剑魂,阿修罗,气功师,散打,漫游枪手,枪炮师,元素师,魔道学者,圣骑士,驭剑士,暗殿骑士,契魔者,流浪武士
,,,0_2_0,0_3_0,0_1_0,0_4_0,1_1_0,1_2_0,2_1_0,2_2_0,3_1_0,3_4_0,14_1_0,11_1_0,11_2_0,11_3_0,11_4_0
1900050000,光之颂歌上衣,防具,,,,,,,,,,,,,,,
1900060000,舰队司令战术外套,防具,,,,,,,,,,,,,,,
1900070000,冰之力机械链甲,防具,,,,,,,,,,,,,,,
1900080000,巨人金直间上衣,防具,,,,,,,,,,,,,,,
1900090000,风暴之甲,防具,,,,,,,,,,,,,,,
1900090001,黑玫瑰胸甲,防具,,,,,,,,,,,,,,,
1900100000,光之颂歌下装,防具,,,,,,,,,,,,,,,
1900110000,大将军战术长裤,防具,,,,,,,,,,,,,,,
1900120000,暗之力机械绑腿,防具,,,,,,,,,,,,,,,
1900120001,骨骼护腿,防具,,,,,,,,,,,,,,,
1900130000,红绿橙蛛下装,防具,,,,,,,,,,,,,,,
1900140000,武力飓风,防具,,,,,,,,,,,,,,,
1900140001,影之红宝石板甲护腿,防具,1,1,1,1,1,1,1,1,1,1,1,1,1,1,1
1900150000,光之颂歌护肩,防具,,,,,,,,,,,,,,,
1900150001,神奇隐身披风,防具,,,,,,,,,,,,,,,
1900160000,中士战术护肩,防具,,,,,,,,,,,,,,,
1900160001,至高统帅的黑暗指令,防具,,,,,,,,,,,,,,,
1900170000,火之力机械护肩,防具,,,,,,,,,,,,,,,
1900170001,毛丛熔岩护肩,防具,1,1,1,1,1,1,1,1,1,1,1,1,1,1,1
1900180000,漏斗蛛护肩,防具,,,,,,,,,,,,,,,
1900190000,勇气激流,防具,,,,,,,,,,,,,,,
1900200000,光之颂歌腰带,防具,,,,,,,,,,,,,,,
1900210000,舰长战术腰带,防具,,,,,,,,,,,,,,,
1900210001,大蓝洞皮鞭腰带,防具,,,,,,,,,,,,,,,
1900220000,光之力机械腰带,防具,,,,,,,,,,,,,,,
1900220001,脊石腰带,防具,,,,,,,,,,,,,,,
1900230000,黑寡妇腰带,防具,,,,,,,,,,,,,,,
1900230001,奇物棒腰甲,防具,,,,,,,,,,,,,,,
1900240000,战意旋涡,防具,,,,,,,,,,,,,,,
1900240001,钻石板甲腰带,防具,,,,,,,,,,,,,,,
1900250000,光之颂歌鞋子,防具,,,,,,,,,,,,,,,
1900260000,上校战术鞋子,防具,,,,,,,,,,,,,,,
1900270000,风之力机械鞋子,防具,,,,,,,,,,,,,,,
1900280000,梦幻食鸟蛛鞋,防具,,,,,,,,,,,,,,,
1900290000,涌动风潮,防具,,,,,,,,,,,,,,,
1900300001,时空主宰者项链,首饰,,,,,,,,,,,,,,,
1900300002,执行毁灭项链,首饰,1,1,1,1,1,1,1,1,1,1,1,1,1,1,1
1900300003,火焰女王项链,首饰,1,1,1,1,1,1,1,1,1,1,1,1,1,1,1
1900300004,刺击理性项链,首饰,,,,,,,,,,,,,,,
1900310000,时空主宰者手镯,首饰,,,,,,,,,,,,,,,
1900310001,束缚反派的手铐,首饰,,,,,,,,,,,,,,,
1900320001,时空主宰者戒指,首饰,,,,,,,,,,,,,,,
1900320002,潜行团员之刃戒指,首饰,1,1,1,1,1,1,1,1,1,1,1,1,1,1,1
1900320003,刺击理性戒指,首饰,1,1,1,1,1,1,1,1,1,1,1,1,1,1,1
1900320018,黑珍珠米斯特,首饰,,,,,,,,,,,,,,,
2000050060,银月少女上衣,防具,,,,,,,,,,,,,,,
2000050061,天翎逐月长袍,防具,,,,,,,,,,,,,,,
2000050124,斗者的布甲上衣,防具,,,,,,,,,,,,,,,
2000050127,艾丽丝的貂绒长袍,防具,,,,,,,,,,,,,,,
2000050128,希曼的影舞衬衫,防具,,,,,,,,,,,,,,,
2000050259,魂 · 戮蛊的皮残片,防具,,,,,,,,,,,,,,,
2000060061,奥德丽的蛟龙胸甲,防具,,,,,,,,,,,,,,,
2000060062,灵思者的火龙胸甲,防具,,,,,,,,,,,,,,,
2000060118,斗者的皮甲上衣,防具,,,,,,,,,,,,,,,
2000060121,泰坦的蛇眼胸甲,防具,,,,,,,,,,,,,,,
2000060273,魂 · 厄运气息狼嚎长袍,防具,,,,,,,,,,,,,,,
2000070064,重力之契胸甲,防具,,,,,,,,,,,,,,,
2000070065,邪龙的精髓胸甲,防具,,,,,,,,,,,,,,,
2000070117,斗者的轻甲上衣,防具,,,,,,,,,,,,,,,
2000070120,极拳胸甲,防具,,,,,,,,,,,,,,,
2000070121,瞬狱胸甲,防具,,,,,,,,,,,,,,,
2000070254,魂 · 著名战士盔甲,防具,,,,,,,,,,,,,,,
2000080059,树魔的野熊胸甲,防具,,,,,,,,,,,,,,,
2000080060,古拉德的火焰胸甲,防具,,,,,,,,,,,,,,,
2000080114,斗者的重甲上衣,防具,,,,,,,,,,,,,,,
2000080117,承天迫击战甲,防具,,,,,,,,,,,,,,,
2000080261,魂 · 守护者铁甲,防具,,,,,,,,,,,,,,,
2000080262,魂 · 牛头械王的能量战甲,防具,,,,,,,,,,,,,,,
2000090131,波罗丁的天祈胸甲,防具,,,,,,,,,,,,,,,
2000090132,信念的守护胸甲,防具,,,,,,,,,,,,,,,
2000090134,斗者的板甲上衣,防具,,,,,,,,,,,,,,,
2000100060,银月少女短裙,防具,,,,,,,,,,,,,,,
2000100061,天翎逐月长裤,防具,,,,,,,,,,,,,,,
2000100125,斗者的布甲下装,防具,,,,,,,,,,,,,,,
2000100128,尼巫的索菲短裙,防具,,,,,,,,,,,,,,,
2000100129,希曼的影舞绑腿,防具,,,,,,,,,,,,,,,
2000100261,魂 · 怒火攻心护腿,防具,,,,,,,,,,,,,,,
2000110061,奥德丽的蛟龙短裤,防具,,,,,,,,,,,,,,,
2000110062,灵思者的火龙护腿,防具,,,,,,,,,,,,,,,
2000110118,斗者的皮甲下装,防具,,,,,,,,,,,,,,,
2000110120,歌利亚的火焰绑腿,防具,,,,,,,,,,,,,,,
2000110272,魂 · 深红巨大蝙蝠裤子,防具,,,,,,,,,,,,,,,
2000110273,魂 · 厄运气息狼嚎护腿,防具,,,,,,,,,,,,,,,
2000120064,重力之契绑腿,防具,,,,,,,,,,,,,,,
2000120065,邪龙的精髓胫甲,防具,,,,,,,,,,,,,,,
2000120116,斗者的轻甲下装,防具,,,,,,,,,,,,,,,
2000120260,魂 · 牛头统帅的兽王刺甲,防具,,,,,,,,,,,,,,,
2000130059,树魔的野熊绑腿,防具,,,,,,,,,,,,,,,
2000130060,古拉德的火焰胫甲,防具,,,,,,,,,,,,,,,
2000130114,斗者的重甲下装,防具,,,,,,,,,,,,,,,
2000130117,伏虎胫甲,防具,,,,,,,,,,,,,,,
2000130261,魂 · 超级赛亚人变身铠甲,防具,,,,,,,,,,,,,,,
2000130262,魂 · 超治愈防护,防具,,,,,,,,,,,,,,,
2000140132,波罗丁的天祈绑腿,防具,,,,,,,,,,,,,,,
2000140133,信念的守护护腿,防具,,,,,,,,,,,,,,,
2000140135,斗者的板甲护腿,防具,,,,,,,,,,,,,,,
2000140261,魂 · 秘语之灵腿甲,防具,,,,,,,,,,,,,,,
2000150052,银月少女围巾,防具,,,,,,,,,,,,,,,
2000150053,天翎逐月护肩,防具,,,,,,,,,,,,,,,
2000150118,斗者的布甲护肩,防具,,,,,,,,,,,,,,,
2000160054,奥德丽的蛟龙肩甲,防具,,,,,,,,,,,,,,,
2000160055,灵思者的火龙肩甲,防具,,,,,,,,,,,,,,,
2000160111,斗者的皮甲护肩,防具,,,,,,,,,,,,,,,
2000160265,魂 · 污染红色透视护肩,防具,,,,,,,,,,,,,,,
2000170056,重力之契护肩,防具,,,,,,,,,,,,,,,
2000170057,邪龙的精髓肩甲,防具,,,,,,,,,,,,,,,
2000170107,斗者的轻甲护肩,防具,,,,,,,,,,,,,,,
2000170110,暗黑头盔,防具,,,,,,,,,,,,,,,
2000170112,杰诺的头盔,防具,,,,,,,,,,,,,,,
2000180052,树魔的野熊头盔,防具,,,,,,,,,,,,,,,
2000180053,古拉德的火焰肩甲,防具,,,,,,,,,,,,,,,
2000180107,斗者的重甲护肩,防具,,,,,,,,,,,,,,,
2000180110,殒灭护肩,防具,,,,,,,,,,,,,,,
2000190123,波罗丁的天祈头盔,防具,,,,,,,,,,,,,,,
2000190124,信念的守护护肩,防具,,,,,,,,,,,,,,,
2000190125,强韧肩甲-苍狼,防具,,,,,,,,,,,,,,,
2000190126,斗者的板甲护肩,防具,,,,,,,,,,,,,,,
2000200052,银月少女腰带,防具,,,,,,,,,,,,,,,
2000200053,天翎逐月腰带,防具,,,,,,,,,,,,,,,
2000200113,斗者的布甲腰带,防具,,,,,,,,,,,,,,,
2000200115,穿云腰带,防具,,,,,,,,,,,,,,,
2000200116,希曼的影舞腰带,防具,,,,,,,,,,,,,,,
2000200117,特里斯家族的腰带,防具,,,,,,,,,,,,,,,
2000210054,奥德丽的蛟龙弹夹,防具,,,,,,,1,,,1,,,,,
2000210055,灵思者的火龙腰带,防具,,,,,,,,,,,,,,,
2000210110,斗者的皮甲腰带,防具,,,,,,,,,,,,,,,
2000210264,魂 · 掘地王的职业腰带,防具,,,,,,,,,,,,,,,
2000210265,魂 · 钢铁积木腰带,防具,,,,,,,,,,,,,,,
2000220056,重力之契腰带,防具,,,,,,,,,,,,,,,
2000220057,邪龙的精髓腰带,防具,,,,,,,,,,,,,,,
2000220108,斗者的轻甲腰带,防具,,,,,,,,,,,,,,,
2000230052,树魔的野熊腰带,防具,,,,,,,,,,,,,,,
2000230053,古拉德的火焰腰带,防具,,,,,,,,,,,,,,,
2000230107,斗者的重甲腰带,防具,,,,,,,,,,,,,,,
2000240124,波罗丁的天祈腰带,防具,,,,,,,,,,,,,,,
2000240125,信念的守护腰带,防具,,,,,,,,,,,,,,,
2000240127,斗者的板甲腰带,防具,,,,,,,,,,,,,,,
2000250056,银月少女长靴,防具,,,,,,,,,,,,,,,
2000250057,天翎逐月长靴,防具,,,,,,,,,,,,,,,
2000250117,斗者的布甲战靴,防具,,,,,,,,,,,,,,,
2000250120,暗影之魅长靴,防具,,,,,,,,,,,,,,,
2000250121,穿云长靴,防具,,,,,,,,,,,,,,,
2000250122,希曼的影舞长靴,防具,,,,,,,,,,,,,,,
2000250123,特里斯家族的长靴,防具,,,,,,,,,,,,,,,
2000250253,魂 · 魅影驹,防具,,,,,,,,,,,,,,,
2000260058,奥德丽的蛟龙长靴,防具,,,,,,,,,,,,,,,
2000260059,灵思者的火龙长靴,防具,,,,,,,,,,,,,,,
2000260115,斗者的皮甲战靴,防具,,,,,,,,,,,,,,,
2000260118,拉比纳的雪崩长靴,防具,,,,,,,,,,,,,,,
2000260119,阿特拉斯的七宗长靴,防具,,,,,,,,,,,,,,,
2000260279,魂 · 蓝色偏硬短靴,防具,,,,,,,,,,,,,,,
2000270060,重力之契长靴,防具,,,,,,,,,,,,,,,
2000270061,邪龙的精髓长靴,防具,,,,,,,,,,,,,,,
2000270113,斗者的轻甲战靴,防具,,,,,,,,,,,,,,,
2000270116,彼斯科的寒光长靴,防具,,,,,,,,,,,,,,,
2000270249,魂 · 戮蛊的绝地战靴,防具,,,,,,,,,,,,,,,
2000280056,树魔的野熊长靴,防具,,,,,,,,,,,,,,,
2000280057,古拉德的火焰短靴,防具,,,,,,,,,,,,,,,
2000280112,斗者的重甲战靴,防具,,,,,,,,,,,,,,,
2000280115,盖天战靴,防具,,,,,,,,,,,,,,,
2000280260,魂 · 凯恩的猛袭长靴,防具,,,,,,,,,,,,,,,
2000290132,波罗丁的天祈长靴,防具,,,,,,,,,,,,,,,
2000290133,信念的守护短靴,防具,,,,,,,,,,,,,,,
2000290134,圣钢金蛟长靴,防具,,,,,,,,,,,,,,,
2000290135,斗者的板甲战靴,防具,,,,,,,,,,,,,,,
2000290261,魂 · 厄运梦幻疯狂,防具,,,,,,,,,,,,,,,
2000290262,魂 · 牛头械王的超能战靴,防具,,,,,,,,,,,,,,,
2000300005,王者之星,首饰,,,,,,,,,,,,,,,
2000300055,蓝色真谛求知项坠,首饰,,,,,,,,,,,,,,,
2000300056,史苏克的四滴眼泪,首饰,,,,,,,,,,,,,,,
2000300062,窒息的悲鸣项链,首饰,,,,,,,,,,,,,,,
2000300070,踌躇者的天象仪项链,首饰,,,,,,,,,,,,,,,
2000300082,深海之王-幻影：赤,首饰,,,,,,,,,,,,,,,
2000300083,深海之王-幻影：青,首饰,,,,,,,,,,,,,,,
2000300099,斗者的天袭项链,首饰,,,,,,,,,,,,,,,
2000300103,布里希加曼,首饰,,,,,,,,,,,,,,,
2000300104,苍穹之影,首饰,,,,,,,,,,,,,,,
2000300106,疯狂伊凡的召唤,首饰,,,,,,,,,,,,,,,
2000300491,魂 · 牛头械王的护心镜,首饰,,,,,,,,,,,,,,,
2000310003,正义守护手镯,首饰,1,1,1,1,1,1,1,1,1,1,1,1,1,1,1
2000310053,蓝色真谛求知手镯,首饰,,,,,,,,,,,,,,,
2000310054,史苏克的三滴眼泪,首饰,,,,,,,,,,,,,,,
2000310067,踌躇者的测量手镯,首饰,,,,,,,,,,,,,,,
2000310078,深海之王-痛苦：赤,首饰,,,,,,,,,,,,,,,
2000310079,深海之王-痛苦：青,首饰,,,,,,,,,,,,,,,
2000310094,斗者的天袭手镯,首饰,,,,,,,,,,,,,,,
2000310098,骸德的水晶手镯,首饰,,1,,1,1,,1,,1,1,,1,1,1,1
2000310099,哈尼克的护面,首饰,,,,,,,,,,,,,,,
2000310100,哈尼克之牙,首饰,,,,,,,,,,,,,,,
2000310493,魂 · 哈尼克的护面,首饰,,,,,,,,,,,,,,,
2000310494,魂 · 哈尼克之牙,首饰,,,,,,,,,,,,,,,
2000320005,骸麒的戒指,首饰,,,,,,,,,,,,,,,
2000320054,蓝色真谛求知之戒,首饰,,,,,,,,,,,,,,,
2000320055,史苏克的一滴眼泪,首饰,,,,,,,,,,,,,,,
2000320061,窒息的悲鸣之戒,首饰,,,,,,,,,,,,,,,
2000320067,踌躇者的罗盘戒指,首饰,,,,,,,,,,,,,,,
2000320082,深海之王-支配：赤,首饰,,,,,,,,,,,,,,,
2000320083,深海之王-支配：青,首饰,,,,,,,,,,,,,,,
2000320098,斗者的天袭指环,首饰,,,,,,,,,,,,,,,
2000320102,重量分流之戒,首饰,1,1,1,1,1,1,1,1,1,1,1,1,1,1,1
2000320502,魂 · 疯狂伊凡的避火装置,首饰,,,,,,,,,,,,,,,
2000320503,魂 · 疯狂伊凡的炸药包,首饰,,,,,,,,,,,,,,,
2001000071,碎风乱波剑,武器,,,,1,,,,,,,,,1,,
2001000072,无影剑-艾雷诺,武器,1,1,,1,,,,,,,,,1,1,
2001000083,魂 · 秘灵玉魂剑,武器,1,,,1,,,,,,,,,1,,
2001010067,月之光芒,武器,1,,,,,,,,,,,1,1,1,
2001010068,十字斩刀-斗,武器,1,1,,1,,,,,,,,1,1,1,
2001010081,魂 · 流光星陨刀,武器,,,,,,,,,,,,1,,,
2001010191,魂 · 戮蛊的骨刃,武器,,,,,,,,,,,,,,,
2001020067,善念幽思槌,武器,,1,1,,,,,,,,,,,1,
2001020068,灵魂伴侣-雷电,武器,,,,,,,,,,,,,,,
2001020078,魂 · 合眼无心槌,武器,,,,,,,,,,,,,,1,
2001030068,狂龙之怒,武器,,1,1,,,,,,,,,1,,1,
2001030069,子午七星剑,武器,,1,1,,,,,,,,,1,,1,
2001030080,魂 · 裁决刃-国殇,武器,,1,,,,,,,,,,,,1,
2001030207,魂 · 魔剑阿波菲斯,武器,,,,,,,,,,,,,,,
2001040105,聚光剑-破幻者,武器,,,,,,,,,,,,,,,1
2001040106,天脊乾坤剑,武器,,,1,,,,,,,,,,,,1
2001040108,魂 · 双龙魔影剑,武器,,,1,,,,,,,,,,,,1
2002000056,狰狞之绿,武器,,,,,,,,,,,,,,,
2002000070,遗忘的记忆,武器,,,,,1,,,,,,,,,,
2002000071,重力之契指虎,武器,,,,,1,,,,,,,,,,
2002000082,魂 · 冥日手套,武器,,,,,1,,,,,,,,,,
2002010069,螺旋陨星臂铠,武器,,,,,,1,,,,,,,,,
2002010070,怒叱狂龙臂铠,武器,,,,,,1,,,,,,,,,
2002010080,魂 · 生命之燃战臂铠,武器,,,,,,,,,,,,,,,
2002010145,魂 · 牛头械王的臂铠,武器,,,,,,,,,,,,,,,
2002020072,龙鳞之爪,武器,,,,,,,,,,,,,,,
2002020073,幽影翔空爪,武器,,,,,,,,,,,,,,,
2002020085,魂 · 摩根之爪,武器,,,,,,,,,,,,,,,
2002030058,比哈斯的圣斗,武器,,,,,,,,,,,,,,,
2002030059,狂武者之怒,武器,,,,,,1,,,,,,,,,
2002030068,魂 · 海妖散月拳套,武器,,,,,,,,,,,,,,,
2002040066,雷霆惊日棍,武器,,,,,1,,,,,,,,,,
2002040067,武者凝心棍,武器,,,,,,,,,,,,,,,
2002040077,魂 · 龙旋破军棍,武器,,,,,,,,,,,,,,,
2004000070,凋零之眼,武器,,,,,,,1,,,,,,,,
2004000071,瞬破之袭左轮枪,武器,,,,,,,1,,,,,,,,
2004000085,魂 · 凋零舞步,武器,,,,,,,1,,,,,,,,
2004010067,柯尔特-猎寻者,武器,,,,,,,,,,,,,,,
2004010068,空之猎行者,武器,,,,,,,,,,,,,,,
2004010079,魂 · 爆裂者-赤鹰,武器,,,,,,,,,,,,,,,
2004020065,天之枪-阿帕拉契,武器,,,,,,,,,,,,,,,
2004020066,潜龙魅影,武器,,,,,,,,,,,,,,,
2004020077,魂 · 暗夜潜行者,武器,,,,,,,,,,,,,,,
2004030069,遗忘男爵,武器,,,,,,,,1,,,,,,,
2004030070,重力之契炮,武器,,,,,,,,1,,,,,,,
2004030082,魂 · 白焰翼龙,武器,,,,,,,,1,,,,,,,
2004030186,魂 · 戮蛊的哀鸣炮,武器,,,,,,,,,,,,,,,
2004040072,暗夜之弩,武器,,,,,,,,,,,,,,,
2004040073,正义骑士,武器,,,,,,,,,,,,,,,
2004040083,魂 · 幽思手弩,武器,,,,,,,,,,,,,,,
2006000071,焰纹封魔戟,武器,,,,,,,,,,,,,,,
2006000072,重力之契矛,武器,,,,,,,,,,,,,,,
2006000082,魂 · 冰龙掩日矛,武器,,,,,,,,,,,,,,,
2006000149,魂 · 戮蛊的骨矛,武器,,,,,,,,,,,,,,,
2006010073,破极卸刃棍,武器,,,,,,,,,,,,,,,
2006010074,光明之锁棍,武器,,,,,,,,,,,,,,,
2006010084,魂 · 玉龙奔雷棍,武器,,,,,,,,,,,,,,,
2006020067,落炎魔杖,武器,,,,,,,,,,,,,,,
2006020068,切希尔笑脸猫,武器,,,,,,,,,,,,,,,
2006020078,魂 · 天音护心魔杖,武器,,,,,,,,,,,,,,,
2006030069,伊西利恩的触手,武器,,,,,,,,,1,,,,,,
2006030070,埃兹拉庞德的预知,武器,,,,,,,,,1,,,,,,
2006030083,魂 · 末日君主的法杖,武器,,,,,,,,,1,,,,,,
2006030185,魂 · 琳恩的第二个法杖,武器,,,,,,,,,,,,,,,
2006040048,领悟者的涂鸦笔,武器,,,,,,,,,,1,,,,,
2006040049,命运的抉择,武器,,,,,,,,,,1,,,,,
2006040058,魂 · 古纳的急袭,武器,,,,,,,,,,1,,,,,
2006040074,猎捕者的鬼面扫把,武器,,,,,,,,,,,,,,,
2008000096,苍天之芒光杖,武器,,,,,,,,,,,,,,,
2008000097,堕落骑士光杖,武器,,,,,,,,,,,1,,,,
2008000100,魂 · 欧贝斯的蓝龙光杖,武器,,,,,,,,,,,1,,,,
2008000136,光明再临光杖,武器,,,,,,,,,,,,,,,
2008010096,七龙拱月珠,武器,,,,,,,,,,,,,,,
2008010097,赤影夺命珠,武器,,,,,,,,,,,,,,,
2008010100,魂 · 信奘的灵珠,武器,,,,,,,,,,,,,,,
2008020096,重力之契图腾,武器,,,,,,,,,,,,,,,
2008020097,波尔克因-战狼,武器,,,,,,,,,,,,,,,
2008020100,魂 · 奥尔卡的黑狼图腾,武器,,,,,,,,,,,,,,,
2008030096,尼尔巴斯的黑暗战镰,武器,,,,,,,,,,,1,,,,
2008030097,斯皮兹的利齿,武器,,,,,,,,,,,,,,,
2008030100,魂 · 尼尔巴斯的赤玉镰,武器,,,,,,,,,,,,,,,
2008040096,牛头械王的巨斧,武器,,,,,,,,,,,,,,,
2008040097,破极卸甲战斧,武器,,,,,,,,,,,,,,,
2008040100,魂 · 泰坦的黄金战斧,武器,,,,,,,,,,,,,,,
9000000000,精 · 月影波动短剑,武器,,,,,,,,,,,,,,,
9000000001,精 · 非天之怒短剑,武器,,,,,,,,,,,,,,,
9000000002,精 · 毁灭之碎裂短剑,武器,,,,,,,,,,,,,,,
9000000003,精 · 一刹天斩短剑,武器,,,,,,,,,,,,,,,
9000000004,精 · 夜叉猎域短剑,武器,,,,,,,,,,,,,,,
9000000005,精 · 魅夜戏影短剑,武器,,,,,,,,,,,,,,,
9000000006,精 · 毁灭之碎裂太刀,武器,,,,,,,,,,,,,,,
9000000007,精 · 一刹天斩太刀,武器,,,,,,,,,,,,,,,
9000000008,精 · 毁灭之碎裂巨剑,武器,,,,,,,,,,,,,,,
9000000009,精 · 一刹天斩巨剑,武器,,,,,,,,,,,,,,,
9000000010,精 · 天煞寒星巨剑,武器,,,,,,,,,,,,,,,
9000000011,精 · 狩凶者巨剑,武器,,,,,,,,,,,,,,,
9000000012,精 · 毁灭之碎裂钝器,武器,,,,,,,,,,,,,,,
9000000013,精 · 一刹天斩钝器,武器,,,,,,,,,,,,,,,
9000000014,精 · 协理之颂铁指虎,武器,,,,,,,,,,,,,,,
9000000015,精 · 一念若尘手套,武器,,,,,,,,,,,,,,,
9000000016,精 · 影斗舞拳套,武器,,,,,,,,,,,,,,,
9000000017,精 · 流离之光拳套,武器,,,,,,,,,,,,,,,
9000000018,精 · 破罪之鹰左轮枪,武器,,,,,,,,,,,,,,,
9000000019,精 · 苍穹诫律左轮枪,武器,,,,,,,,,,,,,,,
9000000020,精 · 电光烈影手炮,武器,,,,,,,,,,,,,,,
9000000021,精 · 爆裂之阳手炮,武器,,,,,,,,,,,,,,,
9000000022,精 · 幻雨彩晶法杖,武器,,,,,,,,,,,,,,,
9000000023,精 · 星梦寓言诗法杖,武器,,,,,,,,,,,,,,,
9000000024,精 · 红 · 华光净土扫把,武器,,,,,,,,,,,,,,,
9000000025,精 · 谜之绝对领域扫把,武器,,,,,,,,,,,,,,,
9000000026,精 · 光明再临光杖,武器,,,,,,,,,,,,,,,
9000000027,精 · 光明求知者光杖,武器,,,,,,,,,,,,,,,
9000000028,精 · 毁灭之碎裂光剑,武器,,,,,,,,,,,,,,,
9000000029,精 · 一刹天斩光剑,武器,,,,,,,,,,,,,,,
9000000030,精 · 幻雨彩晶胸甲,防具,,,,,,,,,,,,,,,
9000000031,精 · 星梦寓言诗胸甲,防具,,,,,,,,,,,,,,,
9000000032,精 · 协理之颂胸甲,防具,,,,,,,,,,,,,,,
9000000033,精 · 一念若尘胸甲,防具,,,,,,,,,,,,,,,
9000000034,精 · 夜叉猎域胸甲,防具,,,,,,,,,,,,,,,
9000000035,精 · 魅夜戏影胸甲,防具,,,,,,,,,,,,,,,
9000000036,精 · 幻雨彩晶护肩,防具,,,,,,,,,,,,,,,
9000000037,精 · 星梦寓言诗护肩,防具,,,,,,,,,,,,,,,
9000000038,精 · 协理之颂护肩,防具,,,,,,,,,,,,,,,
9000000039,精 · 一念若尘护肩,防具,,,,,,,,,,,,,,,
9000000040,精 · 夜叉猎域护肩,防具,,,,,,,,,,,,,,,
9000000041,精 · 魅夜戏影护肩,防具,,,,,,,,,,,,,,,
9000000042,精 · 幻雨彩晶护腿,防具,,,,,,,,,,,,,,,
9000000043,精 · 星梦寓言诗护腿,防具,,,,,,,,,,,,,,,
9000000044,精 · 协理之颂护腿,防具,,,,,,,,,,,,,,,
9000000045,精 · 一念若尘护腿,防具,,,,,,,,,,,,,,,
9000000046,精 · 夜叉猎域护腿,防具,,,,,,,,,,,,,,,
9000000047,精 · 魅夜戏影护腿,防具,,,,,,,,,,,,,,,
9000000048,精 · 幻雨彩晶战靴,防具,,,,,,,,,,,,,,,
9000000049,精 · 星梦寓言诗战靴,防具,,,,,,,,,,,,,,,
9000000050,精 · 协理之颂战靴,防具,,,,,,,,,,,,,,,
9000000051,精 · 一念若尘战靴,防具,,,,,,,,,,,,,,,
9000000052,精 · 夜叉猎域战靴,防具,,,,,,,,,,,,,,,
9000000053,精 · 魅夜戏影战靴,防具,,,,,,,,,,,,,,,
9000000054,精 · 幻雨彩晶腰带,防具,,,,,,,,,,,,,,,
9000000055,精 · 星梦寓言诗腰带,防具,,,,,,,,,,,,,,,
9000000056,精 · 协理之颂腰带,防具,,,,,,,,,,,,,,,
9000000057,精 · 一念若尘腰带,防具,,,,,,,,,,,,,,,
9000000058,精 · 夜叉猎域腰带,防具,,,,,,,,,,,,,,,
9000000059,精 · 魅夜戏影腰带,防具,,,,,,,,,,,,,,,
9000000060,精 · 破罪之鹰胸甲,防具,,,,,,,,,,,,,,,
9000000061,精 · 苍穹诫律胸甲,防具,,,,,,,,,,,,,,,
9000000062,精 · 红 · 华光净土胸甲,防具,,,,,,,,,,,,,,,
9000000063,精 · 谜之绝对领域胸甲,防具,,,,,,,,,,,,,,,
9000000064,精 · 破罪之鹰护肩,防具,,,,,,,,,,,,,,,
9000000065,精 · 苍穹诫律护肩,防具,,,,,,,,,,,,,,,
9000000066,精 · 红 · 华光净土护肩,防具,,,,,,,,,,,,,,,
9000000067,精 · 谜之绝对领域护肩,防具,,,,,,,,,,,,,,,
9000000068,精 · 破罪之鹰护腿,防具,,,,,,,,,,,,,,,
9000000069,精 · 苍穹诫律护腿,防具,,,,,,,,,,,,,,,
9000000070,精 · 红 · 华光净土护腿,防具,,,,,,,,,,,,,,,
9000000071,精 · 谜之绝对领域护腿,防具,,,,,,,,,,,,,,,
9000000072,精 · 破罪之鹰战靴,防具,,,,,,,,,,,,,,,
9000000073,精 · 苍穹诫律战靴,防具,,,,,,,,,,,,,,,
9000000074,精 · 红 · 华光净土战靴,防具,,,,,,,,,,,,,,,
9000000075,精 · 谜之绝对领域战靴,防具,,,,,,,,,,,,,,,
9000000076,精 · 破罪之鹰腰带,防具,,,,,,,,,,,,,,,
9000000077,精 · 苍穹诫律腰带,防具,,,,,,,,,,,,,,,
9000000078,精 · 红 · 华光净土腰带,防具,,,,,,,,,,,,,,,
9000000079,精 · 谜之绝对领域腰带,防具,,,,,,,,,,,,,,,
9000000080,精 · 月影波动项链,首饰,,,,,,,,,,,,,,,
9000000081,精 · 非天之怒项链,首饰,,,,,,,,,,,,,,,
9000000082,精 · 毁灭之碎裂项链,首饰,,,,,,,,,,,,,,,
9000000083,精 · 一刹天斩项链,首饰,,,,,,,,,,,,,,,
9000000084,精 · 光明再临项链,首饰,,,,,,,,,,,,,,,
9000000085,精 · 光明求知者项链,首饰,,,,,,,,,,,,,,,
9000000086,精 · 电光烈影项链,首饰,,,,,,,,,,,,,,,
9000000087,精 · 爆裂之阳项链,首饰,,,,,,,,,,,,,,,
9000000088,精 · 破罪之鹰项链,首饰,,,,,,,,,,,,,,,
9000000089,精 · 苍穹诫律项链,首饰,,,,,,,,,,,,,,,
9000000090,精 · 红 · 华光净土项链,首饰,,,,,,,,,,,,,,,
9000000091,精 · 谜之绝对领域项链,首饰,,,,,,,,,,,,,,,
9000000092,精 · 幻雨彩晶项链,首饰,,,,,,,,,,,,,,,
9000000093,精 · 星梦寓言诗项链,首饰,,,,,,,,,,,,,,,
9000000094,精 · 影斗舞项链,首饰,,,,,,,,,,,,,,,
9000000095,精 · 流离之光项链,首饰,,,,,,,,,,,,,,,
9000000096,精 · 协理之颂项链,首饰,,,,,,,,,,,,,,,
9000000097,精 · 一念若尘项链,首饰,,,,,,,,,,,,,,,
9000000098,精 · 天煞寒星项链,首饰,,,,,,,,,,,,,,,
9000000099,精 · 狩凶者项链,首饰,,,,,,,,,,,,,,,
9000000100,精 · 夜叉猎域项链,首饰,,,,,,,,,,,,,,,
9000000101,精 · 魅夜戏影项链,首饰,,,,,,,,,,,,,,,
9000000102,精 · 月影波动手镯,首饰,,,,,,,,,,,,,,,
9000000103,精 · 非天之怒手镯,首饰,,,,,,,,,,,,,,,
9000000104,精 · 毁灭之碎裂手镯,首饰,,,,,,,,,,,,,,,
9000000105,精 · 一刹天斩手镯,首饰,,,,,,,,,,,,,,,
9000000106,精 · 光明再临手镯,首饰,,,,,,,,,,,,,,,
9000000107,精 · 光明求知者手镯,首饰,,,,,,,,,,,,,,,
9000000108,精 · 电光烈影手镯,首饰,,,,,,,,,,,,,,,
9000000109,精 · 爆裂之阳手镯,首饰,,,,,,,,,,,,,,,
9000000110,精 · 破罪之鹰手镯,首饰,,,,,,,,,,,,,,,
9000000111,精 · 苍穹诫律手镯,首饰,,,,,,,,,,,,,,,
9000000112,精 · 红 · 华光净土手镯,首饰,,,,,,,,,,,,,,,
9000000113,精 · 谜之绝对领域手镯,首饰,,,,,,,,,,,,,,,
9000000114,精 · 幻雨彩晶手镯,首饰,,,,,,,,,,,,,,,
9000000115,精 · 星梦寓言诗手镯,首饰,,,,,,,,,,,,,,,
9000000116,精 · 影斗舞手镯,首饰,,,,,,,,,,,,,,,
9000000117,精 · 流离之光手镯,首饰,,,,,,,,,,,,,,,
9000000118,精 · 协理之颂手镯,首饰,,,,,,,,,,,,,,,
9000000119,精 · 一念若尘手镯,首饰,,,,,,,,,,,,,,,
9000000120,精 · 天煞寒星手镯,首饰,,,,,,,,,,,,,,,
9000000121,精 · 狩凶者手镯,首饰,,,,,,,,,,,,,,,
9000000122,精 · 夜叉猎域手镯,首饰,,,,,,,,,,,,,,,
9000000123,精 · 魅夜戏影手镯,首饰,,,,,,,,,,,,,,,
9000000124,精 · 月影波动戒指,首饰,,,,,,,,,,,,,,,
9000000125,精 · 非天之怒戒指,首饰,,,,,,,,,,,,,,,
9000000126,精 · 毁灭之碎裂戒指,首饰,,,,,,,,,,,,,,,
9000000127,精 · 一刹天斩戒指,首饰,,,,,,,,,,,,,,,
9000000128,精 · 光明再临戒指,首饰,,,,,,,,,,,,,,,
9000000129,精 · 光明求知者戒指,首饰,,,,,,,,,,,,,,,
9000000130,精 · 电光烈影戒指,首饰,,,,,,,,,,,,,,,
9000000131,精 · 爆裂之阳戒指,首饰,,,,,,,,,,,,,,,
9000000132,精 · 破罪之鹰戒指,首饰,,,,,,,,,,,,,,,
9000000133,精 · 苍穹诫律戒指,首饰,,,,,,,,,,,,,,,
9000000134,精 · 红 · 华光净土戒指,首饰,,,,,,,,,,,,,,,
9000000135,精 · 谜之绝对领域戒指,首饰,,,,,,,,,,,,,,,
9000000136,精 · 幻雨彩晶戒指,首饰,,,,,,,,,,,,,,,
9000000137,精 · 星梦寓言诗戒指,首饰,,,,,,,,,,,,,,,
9000000138,精 · 影斗舞戒指,首饰,,,,,,,,,,,,,,,
9000000139,精 · 流离之光戒指,首饰,,,,,,,,,,,,,,,
9000000140,精 · 协理之颂戒指,首饰,,,,,,,,,,,,,,,
9000000141,精 · 一念若尘戒指,首饰,,,,,,,,,,,,,,,
9000000142,精 · 天煞寒星戒指,首饰,,,,,,,,,,,,,,,
9000000143,精 · 狩凶者戒指,首饰,,,,,,,,,,,,,,,
9000000144,精 · 夜叉猎域戒指,首饰,,,,,,,,,,,,,,,
9000000145,精 · 魅夜戏影戒指,首饰,,,,,,,,,,,,,,,
9000000146,精 · 毁灭之碎裂上装,防具,,,,,,,,,,,,,,,
9000000147,精 · 一刹天斩上装,防具,,,,,,,,,,,,,,,
9000000148,精 · 影斗舞胸甲,防具,,,,,,,,,,,,,,,
9000000149,精 · 流离之光胸甲,防具,,,,,,,,,,,,,,,
9000000150,精 · 毁灭之碎裂护肩,防具,,,,,,,,,,,,,,,
9000000151,精 · 一刹天斩护肩,防具,,,,,,,,,,,,,,,
9000000152,精 · 影斗舞护肩,防具,,,,,,,,,,,,,,,
9000000153,精 · 流离之光护肩,防具,,,,,,,,,,,,,,,
9000000154,精 · 毁灭之碎裂下装,防具,,,,,,,,,,,,,,,
9000000155,精 · 一刹天斩下装,防具,,,,,,,,,,,,,,,
9000000156,精 · 影斗舞护腿,防具,,,,,,,,,,,,,,,
9000000157,精 · 流离之光护腿,防具,,,,,,,,,,,,,,,
9000000158,精 · 毁灭之碎裂战靴,防具,,,,,,,,,,,,,,,
9000000159,精 · 一刹天斩战靴,防具,,,,,,,,,,,,,,,
9000000160,精 · 影斗舞战靴,防具,,,,,,,,,,,,,,,
9000000161,精 · 流离之光战靴,防具,,,,,,,,,,,,,,,
9000000162,精 · 毁灭之碎裂腰带,防具,,,,,,,,,,,,,,,
9000000163,精 · 一刹天斩腰带,防具,,,,,,,,,,,,,,,
9000000164,精 · 影斗舞腰带,防具,,,,,,,,,,,,,,,
9000000165,精 · 流离之光腰带,防具,,,,,,,,,,,,,,,
9000000166,精 · 电光烈影胸甲,防具,,,,,,,,,,,,,,,
9000000167,精 · 爆裂之阳胸甲,防具,,,,,,,,,,,,,,,
9000000168,精 · 天煞寒星胸甲,防具,,,,,,,,,,,,,,,
9000000169,精 · 狩凶者胸甲,防具,,,,,,,,,,,,,,,
9000000170,精 · 电光烈影护肩,防具,,,,,,,,,,,,,,,
9000000171,精 · 爆裂之阳护肩,防具,,,,,,,,,,,,,,,
9000000172,精 · 天煞寒星护肩,防具,,,,,,,,,,,,,,,
9000000173,精 · 狩凶者护肩,防具,,,,,,,,,,,,,,,
9000000174,精 · 电光烈影护腿,防具,,,,,,,,,,,,,,,
9000000175,精 · 爆裂之阳护腿,防具,,,,,,,,,,,,,,,
9000000176,精 · 天煞寒星护腿,防具,,,,,,,,,,,,,,,
9000000177,精 · 狩凶者护腿,防具,,,,,,,,,,,,,,,
9000000178,精 · 电光烈影战靴,防具,,,,,,,,,,,,,,,
9000000179,精 · 爆裂之阳战靴,防具,,,,,,,,,,,,,,,
9000000180,精 · 天煞寒星战靴,防具,,,,,,,,,,,,,,,
9000000181,精 · 狩凶者战靴,防具,,,,,,,,,,,,,,,
9000000182,精 · 电光烈影腰带,防具,,,,,,,,,,,,,,,
9000000183,精 · 爆裂之阳腰带,防具,,,,,,,,,,,,,,,
9000000184,精 · 天煞寒星腰带,防具,,,,,,,,,,,,,,,
9000000185,精 · 狩凶者腰带,防具,,,,,,,,,,,,,,,
9000000186,精 · 月影波动上衣,防具,,,,,,,,,,,,,,,
9000000187,精 · 非天之怒上衣,防具,,,,,,,,,,,,,,,
9000000188,精 · 光明再临胸甲,防具,,,,,,,,,,,,,,,
9000000189,精 · 光明求知者胸甲,防具,,,,,,,,,,,,,,,
9000000190,精 · 月影波动护肩,防具,,,,,,,,,,,,,,,
9000000191,精 · 非天之怒护肩,防具,,,,,,,,,,,,,,,
9000000192,精 · 光明再临护肩,防具,,,,,,,,,,,,,,,
9000000193,精 · 光明求知者护肩,防具,,,,,,,,,,,,,,,
9000000194,精 · 月影波动下装,防具,,,,,,,,,,,,,,,
9000000195,精 · 非天之怒下装,防具,,,,,,,,,,,,,,,
9000000196,精 · 光明再临护腿,防具,,,,,,,,,,,,,,,
9000000197,精 · 光明求知者护腿,防具,,,,,,,,,,,,,,,
9000000198,精 · 月影波动鞋子,防具,,,,,,,,,,,,,,,
9000000199,精 · 非天之怒鞋子,防具,,,,,,,,,,,,,,,
9000000200,精 · 光明再临战靴,防具,,,,,,,,,,,,,,,
9000000201,精 · 光明求知者战靴,防具,,,,,,,,,,,,,,,
9000000202,精 · 月影波动腰带,防具,,,,,,,,,,,,,,,
9000000203,精 · 非天之怒腰带,防具,,,,,,,,,,,,,,,
9000000204,精 · 光明再临腰带,防具,,,,,,,,,,,,,,,
9000000205,精 · 光明求知者腰带,防具,,,,,,,,,,,,,,,
2000070276,浩海：冰之力机械链甲,上衣,,,,,,,,,,,,,,,
2000120281,浩海：暗之力机械绑腿,下装,,,,,,,,,,,,,,,
2000170258,浩海：火之力机械护肩,头肩,,,,,,,,,,,,,,,
2000220257,浩海：光之力机械腰带,腰带,,,,,,,,,,,,,,,
2000270270,浩海：风之力机械鞋子,鞋子,,,,,,,,,,,,,,,
2000070274,浩海：重力之契胸甲,上衣,,,,,,,,,,,,,,,
2000120279,浩海：重力之契绑腿,下装,,,,,,,,,,,,,,,
2000170256,浩海：重力之契护肩,头肩,,,,,,,,,,,,,,,
2000220255,浩海：重力之契腰带,腰带,,1,1,,,1,,1,,,,,,,
2000270268,浩海：重力之契长靴,鞋子,,,,,,,,,,,,,,,
2000080280,浩海：巨人金直间上衣,上衣,,,,,,,,,,,,,,,
2000130280,浩海：红绿橙蛛下装,下装,,,,,,,,,,,,,,,
2000180274,浩海：漏斗蛛护肩,头肩,,,,,,,,,,,,,,,
2000230263,浩海：黑寡妇腰带,腰带,,,,,,,,,,,,,,,
2000280278,浩海：梦幻食鸟蛛鞋,鞋子,,,,,,,,,,,,,,,
2000090285,浩海：风暴之甲,上衣,,,,,,,,,,,,,,,
2000140280,浩海：武力飓风,下装,,,,,,,,,,,,,,,
2000190263,浩海：勇气激流,头肩,,,,,,,,,,,,,,,
2000240265,浩海：战意旋涡,腰带,,,,,,,,,,,,,,,
2000290280,浩海：涌动风潮,鞋子,1,1,1,1,1,1,1,1,1,1,1,1,1,1,1
2000090284,浩海：信念的守护胸甲,上衣,,,,,,,,,,,,,,,
2000140279,浩海：信念的守护护腿,下装,,,,,,,,,,,,,,,
2000190262,浩海：信念的守护护肩,头肩,,,,,,,,,,,,,,,
2000240264,浩海：信念的守护腰带,腰带,,,,1,,,,,,,1,,,,
2000290279,浩海：信念的守护短靴,鞋子,,,,,,,,,,,,,,,
2000070275,浩海：邪龙的精髓胸甲,上衣,,,,,,,,,,,,,,,
2000120280,浩海：邪龙的精髓胫甲,下装,,,,,,,,,,,,,,,
2000170257,浩海：邪龙的精髓肩甲,头肩,,,,,,,,,,,,,,,
2000220256,浩海：邪龙的精髓腰带,腰带,,,,,,,,,,,,,,,
2000270269,浩海：邪龙的精髓长靴,鞋子,,,,,,,,,,,,,,,
2000060295,浩海：舰队司令战术外套,上衣,,,,,,,,,,,,,,,
2000110294,浩海：大将军战术长裤,下装,,,,,,,,,,,,,,,
2000160348,浩海：中士战术护肩,头肩,,,,,,,,,,,,,,,
2000210363,浩海：舰长战术腰带,腰带,,,,,,,,,,,,,,,
2000260301,浩海：上校战术鞋子,鞋子,,,,,,,,,,,,,,,
2000050296,浩海：天翎逐月长袍,上衣,,,,,,,,,,,,,,,
2000100297,浩海：天翎逐月长裤,下装,,,,,,,,,,,,,,,
2000150278,浩海：天翎逐月护肩,头肩,,,,,,,,,,,,,,,
2000200280,浩海：天翎逐月腰带,腰带,,,,,,,,,,,,,,,
2000250290,浩海：天翎逐月长靴,鞋子,,,,,,,,,,,,,,,
2000080278,浩海：树魔的野熊胸甲,上衣,,,,,,,,,,,,,,,
2000130278,浩海：树魔的野熊绑腿,下装,,,,,,,,,,,,,,,
2000180272,浩海：树魔的野熊头盔,头肩,,,,,,,,,,,,,,,
2000230261,浩海：树魔的野熊腰带,腰带,,,,,,,,,,,,,,,
2000280276,浩海：树魔的野熊长靴,鞋子,,,,,,,,,,,,,,,
2000050295,浩海：银月少女上衣,上衣,,,,,,,,,,,,,,,
2000100296,浩海：银月少女短裙,下装,,,,,,,,,,,,,,,
2000150277,浩海：银月少女围巾,头肩,,,,,,,,,,,,,,,
2000200279,浩海：银月少女腰带,腰带,,,,,,,,,,,,,,,
2000250289,浩海：银月少女长靴,鞋子,,,,,,,,,,,,,,,
2000060294,浩海：灵思者的火龙胸甲,上衣,,,,,,,,,,,,,,,
2000110293,浩海：灵思者的火龙护腿,下装,,,,,,,,,,,,,,,
2000160347,浩海：灵思者的火龙肩甲,头肩,,,,,,,,,,,,,,,
2000210362,浩海：灵思者的火龙腰带,腰带,1,1,1,1,1,1,1,1,1,1,1,1,1,1,1
2000260300,浩海：灵思者的火龙长靴,鞋子,,,,,,,,,,,,,,,
2000050297,浩海：光之颂歌上衣,上衣,,,,,,,,,,,,,,,
2000100298,浩海：光之颂歌下装,下装,,,,,,,,,,,,,,,
2000150279,浩海：光之颂歌护肩,头肩,,,,,,,,,,,,,,,
2000200281,浩海：光之颂歌腰带,腰带,,,,,,,,,,,,,,,
2000250291,浩海：光之颂歌鞋子,鞋子,,,,,,,,,,,,,,,
2000080279,浩海：古拉德的火焰胸甲,上衣,,,,,,,,,,,,,,,
2000130279,浩海：古拉德的火焰胫甲,下装,,,,,,,,,,,,,,,
2000180273,浩海：古拉德的火焰肩甲,头肩,,,,,,,,,,,,,,,
2000230262,浩海：古拉德的火焰腰带,腰带,,,,,,,,,,,,,,,
2000280277,浩海：古拉德的火焰短靴,鞋子,,,,,,,,,,,,,,,
2000090283,浩海：波罗丁的天祈胸甲,上衣,,,,,,,,,,,,,,,
2000140278,浩海：波罗丁的天祈绑腿,下装,,,,,,,,,,,,,,,
2000190261,浩海：波罗丁的天祈头盔,头肩,,,,,,,,,,,,,,,
2000240263,浩海：波罗丁的天祈腰带,腰带,,,,,,,,,,,,,,,
2000290278,浩海：波罗丁的天祈长靴,鞋子,,,,,,,,,,,,,,,
2000060293,浩海：奥德丽的蛟龙胸甲,上衣,1,1,1,1,1,1,1,1,1,1,1,1,1,1,1
2000110292,浩海：奥德丽的蛟龙短裤,下装,,,,,,,,,,,,,,,
2000160346,浩海：奥德丽的蛟龙肩甲,头肩,,,,,,,,,,,,,,,
2000210361,浩海：奥德丽的蛟龙弹夹,腰带,,,,,,,1,,,1,,,,,
2000260299,浩海：奥德丽的蛟龙长靴,鞋子,,,,,,,,,,,,,,,
1901000006,浩瀚星海神秘短剑,武器,2,,,2,,,,,,,,,2,,
1901010004,浩瀚星海神秘太刀,武器,2,,,2,,,,,,,,2,2,,
1901020004,浩瀚星海神秘钝器,武器,,2,,,,,,,,,,,,2,
1901030006,浩瀚星海神秘巨剑,武器,,2,,,,,,,,,,2,,2,
1901040004,浩瀚星海神秘光剑,武器,,,2,,,,,,,,,,,,2
1902000002,浩瀚星海神秘手套,武器,,,,,2,,,,,,,,,,
1902010002,浩瀚星海神秘臂铠,武器,,,,,,2,,,,,,,,,
1902020002,浩瀚星海神秘爪,武器,,,,,,2,,,,,,,,,
1902030002,浩瀚星海神秘拳套,武器,,,,,,2,,,,,,,,,
1902040002,浩瀚星海神秘东方棍,武器,,,,,2,,,,,,,,,,
1904000002,浩瀚星海神秘左轮枪,武器,,,,,,,2,,,,,,,,
1904010004,浩瀚星海神秘自动手枪,武器,,,,,,,,,,,,,,,
1904020004,浩瀚星海神秘步枪,武器,,,,,,,,,,,,,,,
1904030002,浩瀚星海神秘手炮,武器,,,,,,,,2,,,,,,,
1904040004,浩瀚星海神秘手弩,武器,,,,,,,,,,,,,,,
1906000002,浩瀚星海神秘矛,武器,,,,,,,,,,,,,,,
1906010002,浩瀚星海神秘棍棒,武器,,,,,,,,,,,,,,,
1906020002,浩瀚星海神秘魔杖,武器,,,,,,,,,,,,,,,
1906030003,浩瀚星海神秘法杖,武器,,,,,,,,,2,,,,,,
1906040002,浩瀚星海神秘扫把,武器,,,,,,,,,,2,,,,,
1908000002,浩瀚星海神秘光杖,武器,,,,,,,,,,,2,,,,
1908010002,浩瀚星海神秘灵珠,武器,,,,,,,,,,,,,,,
1908020002,浩瀚星海神秘图腾,武器,,,,,,,,,,,,,,,
1908030002,浩瀚星海神秘镰刀,武器,,,,,,,,,,,,,,,
1908040002,浩瀚星海神秘战斧,武器,,,,,,,,,,,,,,,
